category,subcategory
Home Entertainment,Televisions
Home Appliances,Washing Machines
Kitchen Appliances,Air Conditioners
Mobiles & Accessories,Refrigerators
Wearable Smart Devices,Microwave Ovens
Computer Components,Mixer Juicer Grinder
Computers,Oven Toaster Grills
HDD,Chimney
Cameras,Food Processors
Network Components,Fans
Home,Water purifiers
Toy Vehicles,Vacuum Cleaners
Toys and Games,Sewing Machines
Action Toys,Voltage Stabilizers
Indoor Games,Water Geysers
Remote Control Toys,Mobiles
Straws,Smart Bands
Pump,Monitors
Balloons & Decoration,Laptops
Bubble Makers,Tablets
Balloons,External HDD
Accessories,Sports & Action
,DSLR & Mirrorless
Hats,Routers
Party Glow Ornaments,Footwear
School Supplies,Remote Control Toys
Diaper & Potty Training,Toys and Games
Baby Care,Soft Toys
Pregnancy Pillows,Action Figures
Nursing Breast Pad,Dolls & Doll Houses
Nursing & Breast Feeding,Musical Toys
Baby Food,Board Games
Baby Feeding Bottle & Accessories,Puzzles and Cubes
Baby Pain Relief,Remote Control Aeroplane and Helicopters
Body Pain Relief,Antil's Straws
Cotton Buds,YSK Straws
Baby Proofing & Safety,Jeevan jyoti agency Pump
Baby Cleaners & Detergents,Vadhavan Straws
Dolls,Climberty Balloons & Decoration
Dolls Playsets,dynamicglancy Bubble Makers
Doll House Set,PARTY MIDLINKERZ Balloons
School Bags,SOI Balloons
Mini Drones,PARTY BREEZE Balloons
Wrist Watches,Twisty The Boba Station Straws
Casual Shoes,Verilux Straws
Cartoon Characters Soft Toys,Gambit Straws
Sandals,Rusabl Straws
Coin Banks,PROVERVE Sports Accessories
Kids' T-shirts,Fun Affairs Balloons
Kids' Tops,BGT Accessories
Soft Toys,ZeroLuxury Accessories
Travel Pouches,
Luggage Covers,HASTHIP Hats
Outdoor Toys,frilt Balloons & Decoration
Gym Bag,BUC Balloons
Kitchen Set,Samanth Creations Balloons & Decoration
Pillows,ZITRONIX Party Glow Ornaments
Lunch Boxes,Battle Toys
Sunglasses,School Bags
Push Rideons,School Sets
Kids Scooters,"Kitchen, Cookware & Serveware"
Tricycles,Baby Care
Kids' Track Pants,Potty Seats
Kids' Apparel Combos,Baby Wipes
Kids' Shorts,Baby Diapers
Building and Blocks Toys,Baby Bathing Accessories
Baby Laundry Detergents,Areoveda Diaper & Potty Training
Baby Mosquito & Insect Repellant,KESHAVE PHARMA Pregnancy Pillows
Baby Wipes,LuvLap Nursing Breast Pad
Tongue Cleaner,1st Step Nursing Breast Pad
"Baby Bath, Hair & Skin Care Combo",Femzy Nursing Breast Pad
Baby Diapers,Verdure Nursing & Breast Feeding
Baby Proofing,saloni Nursing Breast Pad
Nappy & Bibs Combo,Stakipo Nursing Breast Pad
Breast Nipple Shields,Fruvanta Nursing Breast Pad
Baby Bed Protector,KIYANSH ENTERPRISE Nursing & Breast Feeding
Baby Feeding Utensils & Accessories,Ecommercehub Nursing Breast Pad
Baby Bibs & Hankies,WILD MINT Pregnancy Pillows
Baby Mats,KRISHVIA Nursing Breast Pad
Baby Bath Towel,CIBZ Nursing Breast Pad
Nappy,MYLO Nursing Breast Pad
Baby Strollers & Prams,Msk Fashion Nursing Breast Pad
Men's Footwear,Cherilo Nursing Breast Pad
Deodorants,Philips Avent Nursing Breast Pad
Beauty and Grooming,Swag Enterprises Nursing Breast Pad
T-shirts,AHC Nursing Breast Pad
Men's Shirts,Baby Cereal
Jeans,Baby Feeding Bottles
Trousers,Baby Feeding Utensils & Accessories
Cargos,Baby Bedding
Track Pants,BabyOrgano Baby Pain Relief
Shorts,ACTIWOW Baby Pain Relief
Three-Fourths,o'mumsie Baby Pain Relief
Clothing and Accessories,Hiran Body Pain Relief
Socks,ACTIWOW Body Pain Relief
Shirt and Trouser Fabrics,Sauran Cotton Buds
Sweaters and Cardigans,AYYIASHI Body Pain Relief
Jackets,Ankerite Body Pain Relief
Sweatshirts,BEUTISKY Baby Pain Relief
Tracksuits,AVENIC Baby Pain Relief
Sherwanis,LoxFlam Body Pain Relief
Kurtas,Twin Swan Body Pain Relief
Ethnic Sets,ASVS Body Pain Relief
Ethnic Pyjamas,Aktivemusli Body Pain Relief
Lungis,I Twin Swan Body Pain Relief
"Kurtas, Ethnic Sets and Bottoms",Unjha Body Pain Relief
Vests,Baby Gear
Pyjamas and Lounge Pants,Baby Proofing
Boxers,Baby Laundry Detergents
Briefs and Trunks,BARBIE Baby Care
Thermals,BARBIE Dolls
Night Suits,BARBIE Dolls Playsets
Raincoats,BARBIE Doll House Set
Watches,BARBIE School Bags
"Bags, Wallets & Belts",Barbie Mini Drones
Jewellery,DISNEY Wrist Watches
Eyewear,DISNEY School Bags
Knee Support,DISNEY Casual Shoes
Men's Vests,DISNEY Cartoon Characters Soft Toys
Men Sandals & Floaters,DISNEY Sandals
Men's Shorts,DISNEY Coin Banks
Medical Supports and Braces,DISNEY Kids' T-shirts
Men Sports Shoes,DISNEY Kids' Tops
Personal Care Appliances,DISNEY Soft Toys
Grooming Kit,Disney Travel Pouches
Men Casual Shoes,DISNEY Luggage Covers
Men Slippers & Flip Flops,DISNEY Outdoor Toys
Men's T-shirts,DISNEY Gym Bag
Men's Track Pants,DISNEY Kitchen Set
Backpacks,DISNEY Pillows
Deodorant Spray,DISNEY Lunch Boxes
Hair Oil,DISNEY Sunglasses
Beard Oil,Miss & Chief Push Rideons
Face Wash,Miss & Chief Kids Scooters
Bath Combos and Kit,DISNEY BY MISS & CHIEF Kids' T-shirts
Moisturizer,Justice League By Miss & Chief Kids' T-shirts
Body Wash,Miss & Chief Tricycles
Eau De Parfum,Justice League By Miss & Chief Kids' Track Pants
Men's Grooming Combo Kit,DISNEY BY MISS & CHIEF Kids' Track Pants
Hair Brush,DISNEY BY MISS & CHIEF Kids' Apparel Combos
Baby Hair Oils,DISNEY BY MISS & CHIEF Kids' Shorts
Face Cream and Gel,LEGO Building and Blocks Toys
Face Pack,LuvLap Baby Laundry Detergents
Talcum Powder,LuvLap Baby Mosquito & Insect Repellant
Skin Care Combo,LuvLap Baby Wipes
Perfume,LuvLap Tongue Cleaner
Bath Brush,"LuvLap Baby Bath, Hair & Skin Care Combo"
Hair Wax,LuvLap Baby Diapers
Loofah,LuvLap Baby Proofing
Deodorant Roll-ons,LuvLap Nappy & Bibs Combo
Scrub,LuvLap Breast Nipple Shields
Shaving Razors,LuvLap Baby Bed Protector
Trimmers,LuvLap Baby Feeding Utensils & Accessories
Hair Styling,LuvLap Baby Bibs & Hankies
"Head, Neck & Shoulder Support",LuvLap Baby Mats
Cricket Balls,LuvLap Baby Bath Towel
Supports,LuvLap Nappy
Women's Sports Shoes,LuvLap Baby Strollers & Prams
Men's Caps,LuvLap Nursing & Breast Feeding
Men's Sweatshirts,Men Casual Shoes
Sports Shoes,Men Sports Shoes
Women's Footwear,Men Sandals & Floaters
Women's Slippers & Flip Flops,Men Slippers & Flip Flops
Pouches and Potlis,Men Formal Shoes
Kids' Trousers,Beauty and Grooming
Duffel Bags,Deodorant Spray
Eau De Toilette,Shaving & Beard Care
Resistance Tubes,Health Care
Women's Casual Shoes,Men's T-shirts
Men's and Women's Socks,Formal Shirts
Dresses,Men's Jeans
Tops,Casual Shirts
Skirts,Men's Trousers
Capris,Men's Cargos
Panties,Men's Track Pants
Innerwear and Swimwear,Men's Shorts
Night Dresses and Nighties,Men's Three-Fourths
Lingerie Sets and Accessories,"Blazers, Waistcoats and Suits"
Swimsuits,Men's and Women's Socks
Camisoles and Slips,Men's Shirt and Trouser Fabrics
Sarees and Saree Essentials,Men's Sweaters
Gowns,Men's Jackets
Clothing Accessories,Men's Sweatshirts
Leggings and Churidars,Men's Tracksuits
Bottomwear,Men's Sherwanis
Footwear,Men's Kurtas
Health & Personal Care Appliances,Men's Ethnic Sets
Hair Care and Accessory,Men's Ethnic Pyjamas
Body & Face Skin Care,Men's Lungis
Coins & Bars,Dhotis
Co-ords,Men's Vests
Women's Kurtas,Men's Pyjamas and Lounge Pants
Handbags & Clutches,Men's Boxers
Wallets & Clutches,Men's Briefs and Trunks
Women's Leggings and Churidars,Men's Thermals
Women's Skirts,Men's Night Suits
Sling Bags,Men and Women Raincoats
Men's Jeans,Wrist Watches
Casual Shirts,GUESS Wrist Watches
Wallets,FOSSIL Wrist Watches
Handbags,Bags & Backpacks
Backpack Handbags,Sunglasses
Clutches & Wallets,Belts
Necklaces,"Bags, Wallets & Belts"
True Wireless,Luggage & Travel
Smart Watches,Artificial Jewellery
Women's Flats,Frames
Women's Ethnic Sets,Risen style Gym Bag
Women's Lehenga Cholis,trendy store Knee Support
Chains,subba store Men's Vests
Women's Sarees,DOCTOR EXTRA SOFT Men Sandals & Floaters
Women's Tops,RISHAB OSWAL Men's Vests
Women's Dresses,EnStore Men's Shorts
Hair Treatment,UNDERLOOP Men's Shorts
Hair Color,trendy store Medical Supports and Braces
Sarees,AAR STORE SALE Men's Vests
Sports,My Walk Men Sports Shoes
Cricket,DOCTOR EXTRA SOFT Men Sports Shoes
Cycling,Smart Watches
Exercise & Fitness,Trimmers
Fitness Accessories,Shavers
Fitness Equipment,Winston Grooming Kit
 Food Products,SKMEI Grooming Kit
Yoga,FINARO Grooming Kit
Food Products,ORTIZA Grooming Kit
Sweets and Mixes,AGARO Grooming Kit
 Beauty and Grooming,Profiline Grooming Kit
Health Care,PHILIPS Grooming Kit
Health Supplements,NOYMI Grooming Kit
Books,BestClipper Grooming Kit
Pens & Stationery,Arrom Grooming Kit
Office Supplies,uniexclusive Grooming Kit
Automotive Accessories,DZX-RE Grooming Kit
Vehicle Stereo and Music System,Groomic Grooming Kit
Vehicle Mobile Accessories,SDGM Grooming Kit
Industrial & Scientific Supplies,Sweetpea Grooming Kit
Packaging & Shipping Products,HTTCC Grooming Kit
Gaming,Daily Needs Shop Grooming Kit
"Kitchen, Cookware & Serveware",Make Ur Wish Grooming Kit
Gas Stove & Accessories,Zeus Volt Grooming Kit
Cookware,HavenFlix Grooming Kit
Tableware & Dinnerware,NIKAI Grooming Kit
Kitchen Storage & Containers,Zeno volt Grooming Kit
Furniture,Painless Grooming Kit
Wardrobes & More,MNS-OS Grooming Kit
TV Units & Cabinets,Mumuxu Grooming Kit
Sofa Beds & More,SIMBS Grooming Kit
Tables,ADIDAS Men Sports Shoes
Bean Bags,ADIDAS Men Casual Shoes
Bed Linen & Blankets,ADIDAS Men Slippers & Flip Flops
Curtains & Accessories,ADIDAS Men's T-shirts
Home Furnishing,ADIDAS Men's Track Pants
Bath Linen,ADIDAS Backpacks
Paintings & Posters,ADIDAS Men Sandals & Floaters
Home Decor,ADIDAS Deodorant Spray
Stickers & Wallpapers,BEARDO Hair Oil
Wall Decor Items,BEARDO Beard Oil
Showpieces & Decor Accents,BEARDO Face Wash
Home Lighting,BEARDO Bath Combos and Kit
Decor lighting & Accessories,BEARDO Moisturizer
Automation & Robotics,BEARDO Body Wash
Home Improvement,BEARDO Eau De Parfum
Home Utilities and Organizers,BEARDO Men's Grooming Combo Kit
Building Materials and Supplies,BEARDO Hair Brush
Pet Supplies,BEARDO Baby Hair Oils
,BEARDO Face Cream and Gel
,BEARDO Face Pack
,BEARDO Talcum Powder
,BEARDO Skin Care Combo
,BEARDO Perfume
,Beardo Bath Brush
,BEARDO Hair Wax
,Beardo Loofah
,BEARDO Deodorant Roll-ons
,BEARDO Scrub
,BEARDO Deodorant Spray
,Beardo Shaving Razors
,BEARDO Trimmers
,BEARDO Hair Styling
,REEBOK Men Casual Shoes
,REEBOK Men Sports Shoes
,REEBOK Men Slippers & Flip Flops
,REEBOK Men's T-shirts
,"REEBOK Head, Neck & Shoulder Support"
,REEBOK Cricket Balls
,REEBOK Supports
,REEBOK Women's Sports Shoes
,REEBOK Men's Caps
,REEBOK Men's Sweatshirts
,Skechers Sports Shoes
,Skechers Women's Footwear
,Skechers Men Casual Shoes
,Skechers Women's Slippers & Flip Flops
,Skechers Men Sports Shoes
,Skechers Men Slippers & Flip Flops
,Skechers Women's Sports Shoes
,NIKE Deodorant Spray
,NIKE Pouches and Potlis
,NIKE Men's Sweatshirts
,NIKE Kids' Trousers
,NIKE Men Slippers & Flip Flops
,NIKE Men Sports Shoes
,NIKE Duffel Bags
,NIKE Casual Shoes
,NIKE Eau De Toilette
,NIKE Backpacks
,NIKE Men Casual Shoes
,NIKE Resistance Tubes
,NIKE Women's Casual Shoes
,NIKE Men's and Women's Socks
,Women's Shorts
,Women's Dresses
,Women's Tops
,Women's Jeans
,Clothing and Accessories
,Bottomwear
,Women's Skirts
,Women's Capris
,Women's Panties
,Bras
,Women's Night Dresses and Nighties
,Shapewears
,Lingerie Sets
,Women's Swimsuits
,Dresses and Gowns
,Women's Camisoles and Slips
,Sarees
,"Kurtas, Ethnic Sets and Bottoms"
,Fabrics
,Women's Kurtas
,Lehenga Cholis
,Women's Gowns
,Blouses
,Women's Ethnic Sets
,Dupattas
,Palazzos
,Women's Leggings and Churidars
,Harem Pants
,Trousers
,Women's Footwear
,Women's Flats
,Women's Heels
,Women's Wedges
,Women's Sports Shoes
,Women's Casual Shoes
,Women's Slippers & Flip Flops
,Personal Care Appliances
,Epilators
,Hair Dryers
,Makeup
,Hair Care
,Body and Face Care
,Jewellery
,Precious Jewellery
,Bangalore Refinery Coins & Bars
,MMTC-PAMP India Pvt Ltd Coins & Bars
,Aspect Bullion & Refinery Coins & Bars
,SILVIYA Coins & Bars
,Joyalukkas Coins & Bars
,BHIMA Coins & Bars
,Guarantee Ornament House Coins & Bars
,MAA SILVER Coins & Bars
,WOMEN  PLUS Co-ords
,Women Plus Women's Kurtas
,Handbags & Clutches
,Shoulder Bags
,Totes
,Sling Bags
,Clutches
,FOREVER 21 Women's Leggings and Churidars
,FOREVER 21 Men's Shorts
,FOREVER 21 Women's Skirts
,FOREVER 21 Men's T-shirts
,FOREVER 21 Sling Bags
,FOREVER 21 Men's Jeans
,FOREVER 21 Casual Shirts
,ACCESSORIZE LONDON Sling Bags
,ACCESSORIZE LONDON Wallets
,ACCESSORIZE LONDON Handbags
,ACCESSORIZE LONDON Backpack Handbags
,ACCESSORIZE LONDON Sunglasses
,ACCESSORIZE LONDON Clutches & Wallets
,ACCESSORIZE LONDON Necklaces
,Fastrack Sunglasses
,Fastrack Wrist Watches
,Fastrack True Wireless
,Fastrack Eau De Parfum
,Fastrack Smart Watches
,Divastri Women's Flats
,Divastri Women's Ethnic Sets
,Divastri Women's Lehenga Cholis
,Divastri Chains
,Divastri Women's Footwear
,Divastri Women's Sarees
,Rare Roots Women's Tops
,Rare Roots Women's Dresses
,Rare Roots Women's Skirts
,Rare Roots Women's Kurtas
,SESA Hair Treatment
,aadikesh Hair Oil
,Adivasi Baby Hair Oils
,Adivasi Hair Oil
,ashpveda Hair Color
,SESA Hair Oil
,Arsh Organics Hair Oil
,TRU HAIR & SKIN Hair Oil
,TRU HAIR Hair Oil
,Anmi Women's Kurtas
,Anmi Women's Sarees
,Women's Sarees
,Skating
,Badminton
,Cricket Kits
,Sports
,Football
,Cycles
,Fitness Equipment
,Supports
,Exercise & Fitness
,Dumbbells
,Ab Exercisers
,Shakers and Sippers
,Baking Ingredients and Essential Products
,Yoga Mats
,Gym Gloves
,"Dry Fruit, Nut & Seed"
,Food Products
,Packaged Sweets
,Perfume
,Breakfast Cereal
,Health Supplements
,Vitamin Supplement
,Protein Supplement
,Books
,Higher Education and Professional Books
,Pens & Stationery
,Pens
,Desk Organizers
,Calculators
,Key Chains
,Automotive Accessories
,Helmets and Riding Gear
,Car Media Players
,Car Mobile Holders
,Oils and Lubricants
,Plastic Packaging Bags
,Home Medical Supplies
,Musical Instruments
,Gaming
,Gaming Accessories
,Smart Glasses
,Kitchen Tools
,Gas Stoves
,Tawas
,Pans
,Pressure Cookers
,Mugs
,Kitchen Storage & Containers
,Dinner Sets
,Water Bottles & Flasks
,Lunch Boxes
,Casseroles
,Kitchen Containers
,Furniture
,Beds & More
,Wardrobes
,Sofas
,Mattresses
,TV Entertainment Units
,Sofa Beds
,Coffee Tables
,Shoe Racks & More
,Office Study Table
,Bean Bags
,Collapsible Wardrobes
,Home Furnishing
,Bedsheets
,Blankets
,Curtains
,Cushions & Pillows
,Bath Towels
,Kitchen & Table Linen
,Floor Coverings
,Paintings
,Clocks
,Home Decor
,Stickers
,Wall Shelves
,Showpieces & Figurines
,Decor lighting & Accessories
,Utility Lighting
,Wall Lamps
,Ceiling Lamps
,Table Lamps
,Automation & Robotics
,Smart Door Locks
,Tools and Measuring Equipment
,Home Storage and Organization
,Lawn and Gardening
,Bathroom and Kitchen Fittings
,Pet Supplies
,Fish & Aquatic
,Decoration
,Fiction Books
